F1,R,P
0.8189755,0.8241057,0.8139089
0.8103392,0.8028696,0.81794906
0.79741365,0.80238056,0.7925079
0.8059265,0.81497794,0.79707384
0.8168633,0.8257825,0.8081348
0.81246185,0.8222291,0.8029239
0.81298554,0.80674285,0.81932557
0.8244295,0.82076466,0.8281272
0.8149889,0.82295734,0.80717325
0.8274488,0.8468533,0.8089135
0.83334845,0.84763265,0.8195378
0.8119247,0.8139496,0.8099098
0.8207656,0.822844,0.8186977
0.8148795,0.8204487,0.80938536
0.813237,0.81055135,0.81594056
0.8256242,0.82676136,0.8244902
0.8215362,0.82578784,0.8173281
0.8264288,0.8291273,0.82374763
0.81478596,0.8194467,0.81017804
0.8105681,0.8143302,0.80684054
0.83400863,0.84216255,0.826011
0.80730194,0.81454676,0.80018497
0.80730194,0.81454676,0.80018497
0.8261554,0.83634436,0.81621176
0.8150762,0.8191508,0.81104183
0.8040335,0.8093573,0.79877937
0.81632024,0.81639063,0.81624985
0.8358914,0.84413505,0.8278073
0.8283387,0.8366877,0.8201547
0.8273335,0.8336782,0.8210847
0.7924189,0.79455566,0.7902937
0.82233346,0.82566637,0.8190273
0.823265,0.82607496,0.82047415
0.8185009,0.8226348,0.81440824
0.7985351,0.80433834,0.7928151
0.8309119,0.8389911,0.8229868
0.8102412,0.81436914,0.8061549
0.8148084,0.8187976,0.810858
0.8260792,0.82895917,0.8232192
0.82590973,0.8343311,0.8176567
0.8063869,0.80682725,0.80594695
0.8215596,0.8230062,0.820118
0.8383898,0.84499735,0.83188474
0.82067716,0.8255024,0.81590796
0.81109804,0.8134359,0.80877364
0.80981064,0.8023868,0.81737304
0.8351715,0.84300035,0.82748675
0.8069865,0.8148031,0.79931843
0.8244186,0.8221623,0.8266873
0.81325084,0.8051107,0.82155716
0.81339854,0.81581837,0.81099296
0.80081904,0.8059502,0.7957528
0.82306504,0.8291618,0.81705725
0.79032326,0.7975357,0.7832401
0.8077223,0.8128041,0.8027036
0.837733,0.8371297,0.83833706
0.8260173,0.82861674,0.82343405
0.8312694,0.8383422,0.824315
0.8245436,0.82974875,0.81940347
0.8114754,0.8183668,0.804699
0.8223762,0.8222059,0.8225464
0.8180079,0.81747687,0.8185396
0.82662535,0.8286536,0.8246071
0.81604236,0.8141908,0.8179024
0.81385416,0.8128346,0.8148763
0.8259788,0.831077,0.8209429
0.82333255,0.8407311,0.80663955
0.81890035,0.82195693,0.81586635
0.8075411,0.8144114,0.8007857
0.8304467,0.8334046,0.82750964
0.82079357,0.82586306,0.8157859
0.8274497,0.8279161,0.8269838
0.8128706,0.81450915,0.81123865
0.80540806,0.8113538,0.7995489
0.80723715,0.8038747,0.81062794
0.81734496,0.81824565,0.8164461
0.8306631,0.83887017,0.822615
0.8142728,0.81606615,0.8124873
0.81942356,0.81798697,0.82086515
0.8111268,0.81176835,0.81048644
0.812523,0.8183465,0.80678177
0.78953105,0.8043662,0.77523327
0.80384946,0.8134742,0.79444987
0.79268295,0.79757977,0.78784585
0.8203514,0.8288038,0.81206983
0.8330292,0.83446705,0.83159643
0.80365455,0.80913085,0.7982519
0.7880787,0.80552727,0.7713701
0.79554003,0.7998888,0.7912382
0.82298034,0.828719,0.8173205
0.8197903,0.820861,0.81872237
0.81425005,0.8234724,0.80523205
0.8078054,0.8169362,0.79887646
0.81960076,0.8216253,0.8175862
0.822364,0.82235974,0.8223682
0.81718844,0.8219376,0.81249386
0.8122364,0.8081493,0.81636506
0.824652,0.8315647,0.81785333
0.8178386,0.8258674,0.80996436
0.79847926,0.80828744,0.7889062
0.81383526,0.81770045,0.81000644
0.8292121,0.82382834,0.83466667
0.813979,0.8170204,0.81096023
0.80586725,0.8108774,0.8009186
0.8126608,0.8162005,0.8091517
0.82328653,0.82976073,0.8169126
0.8433631,0.8481589,0.83862126
0.83076,0.83517146,0.8263948
0.8181044,0.8226061,0.81365174
0.8274427,0.83159137,0.8233353
0.82051605,0.8253722,0.81571674
0.82433325,0.8270777,0.82160693
0.8259743,0.82861567,0.8233497
0.82195914,0.81876165,0.82518166
0.8087003,0.8108566,0.8065555
0.82466555,0.83813435,0.8116228
0.82423997,0.82511604,0.8233656
0.82669497,0.83465225,0.818888
0.8190583,0.8243338,0.81385
0.8205071,0.82560295,0.8154738
0.8206853,0.8171443,0.8242572
0.8251978,0.8248376,0.8255583
0.8210991,0.81860703,0.82360643
0.8176982,0.8165779,0.8188215
0.8253605,0.8340142,0.8168845
0.8250242,0.8260034,0.82404727
0.82178336,0.82146734,0.82209957
0.79858994,0.80387473,0.7933742
0.82588375,0.8323217,0.81954455
0.7887024,0.80665433,0.7715321
0.82126755,0.82406193,0.8184921
0.81450754,0.81850076,0.8105532
0.8074535,0.80627006,0.8086405
0.8114414,0.8158449,0.8070852
0.8007016,0.8100566,0.79156023
0.7981133,0.7989191,0.7973092
0.81892145,0.8266874,0.81130016
0.7926089,0.7991664,0.78615814
0.8219455,0.839568,0.80504745
0.82132065,0.82612675,0.8165703
0.8282688,0.8314393,0.82512236
0.8285368,0.8318619,0.82523817
0.820537,0.8220889,0.8189908
0.8124471,0.8083459,0.81658995
0.820731,0.8244775,0.8170183
0.8367248,0.8377333,0.83571863
0.8253247,0.8253009,0.8253486
0.8026858,0.80543005,0.7999601
0.82286733,0.824809,0.82093465
0.8106782,0.80625534,0.8151499
0.7735868,0.78720474,0.76043206
0.8133701,0.8179618,0.80882967
0.80459523,0.80964845,0.7996047
0.8285022,0.82422245,0.8328266
0.8121428,0.8196421,0.8047794
0.79244566,0.79375094,0.79114467
0.81067544,0.8152963,0.8061067
0.8085495,0.81059194,0.8065174
0.82440597,0.83096623,0.8179485
0.82434034,0.81953657,0.8292007
0.80571526,0.82127476,0.79073447
0.8099175,0.81000954,0.80982554
0.81700295,0.82189405,0.81216985
0.8278732,0.8259665,0.8297886
0.8197417,0.817487,0.822009
0.82594883,0.8316859,0.82029045
0.8336766,0.8385273,0.8288816
0.8183029,0.8201333,0.8164806
0.8085695,0.81641185,0.8008763
0.8171356,0.8218696,0.8124557
0.8210847,0.8204561,0.82171434
0.8226485,0.8242215,0.8210815
0.817859,0.818297,0.8174215
0.8241549,0.82279646,0.8255178
0.8252779,0.8293586,0.82123727
0.81255245,0.8161064,0.80902934
0.8293128,0.8317249,0.8269147
0.8240737,0.8263399,0.82181984
0.818463,0.8283275,0.80883074
0.8072098,0.81049126,0.80395484
0.7950082,0.798803,0.79124933
0.8430923,0.85221446,0.83416337
0.8176801,0.82430077,0.811165
0.8142853,0.82059246,0.80807424
0.80838966,0.81576777,0.8011439
0.81915164,0.8179257,0.8203813
0.8173231,0.8191302,0.81552404
0.8241955,0.8315301,0.8169892
0.8177613,0.82573044,0.8099445
0.82146907,0.823167,0.8197781
0.8050565,0.8070303,0.80309224
0.81644934,0.8211333,0.81181854
0.8211893,0.81759584,0.82481456
0.82759047,0.82926434,0.8259233
0.8181535,0.8155575,0.82076615
0.8326852,0.84715056,0.81870544
0.8426498,0.8651207,0.8213167
0.80535895,0.8095178,0.80124265
0.8274943,0.8317636,0.82326865
0.82557374,0.8366842,0.8147545
0.8341423,0.83485174,0.8334341
0.8100931,0.8143422,0.80588806
0.8318107,0.85079986,0.8136506
0.8032207,0.80987686,0.79667294
0.79513645,0.8014561,0.78891563
0.82243425,0.82035947,0.8245196
0.8341632,0.8382488,0.83011717
0.8061894,0.8011645,0.81127775
0.82894504,0.8347786,0.82319236
0.8338805,0.84031385,0.8275448
0.82362944,0.8659346,0.78526545
0.8245769,0.82882845,0.82036877
0.82072407,0.82153964,0.8199102
0.82360196,0.83824754,0.80945927
0.8164939,0.8236098,0.8094999
0.82797986,0.83445066,0.82160866
0.82213324,0.8276181,0.8167206
0.8046068,0.8096384,0.7996373
0.82779044,0.8480985,0.8084323
0.82954794,0.8329962,0.826128
0.80095434,0.8034446,0.7984794
0.8180445,0.81681275,0.8192799
0.8187371,0.81754595,0.81993186
0.8119519,0.81573176,0.80820686
0.7855385,0.79590654,0.775437
0.84358007,0.8542736,0.833151
0.81787044,0.8298292,0.80625135
0.79580426,0.8031992,0.7885443
0.82284653,0.82835996,0.8174059
0.8247276,0.82673216,0.82273275
0.7956201,0.7976109,0.7936391
0.81815255,0.82270706,0.8136482
0.8187634,0.8272766,0.8104236
0.8173,0.81858647,0.8160177
0.8277405,0.8341512,0.8214275
0.8251351,0.82550585,0.82476467
0.8554137,0.8811173,0.8311671
0.8020516,0.81108385,0.7932183
0.8234478,0.82332224,0.8235735
0.8061053,0.8010667,0.8112076
0.82207763,0.8239229,0.8202407
0.819437,0.818767,0.82010806
0.81310785,0.8154423,0.81078655
0.8288509,0.8356488,0.82216287
0.81766546,0.8222352,0.8131461
0.82099265,0.8220005,0.81998724
0.821099,0.81770486,0.8245215
0.8333376,0.8397507,0.8270218
0.79618275,0.7967254,0.7956408
0.82434183,0.828392,0.820331
0.8056702,0.8133895,0.7980962
0.80420417,0.8132182,0.79538786
0.8030139,0.80103254,0.8050052
0.82020724,0.82543963,0.8150407
0.81669825,0.8175715,0.81582683
0.80438626,0.80610985,0.80267006
0.8209506,0.828262,0.81376725
0.7819615,0.78831714,0.77570754
0.8030069,0.80751157,0.79855216
0.82227355,0.8301083,0.8145853
0.8245899,0.8220954,0.82709956
0.82349324,0.830375,0.81672454
0.82859385,0.8324782,0.8247456
0.79310155,0.7898135,0.7964172
0.82636464,0.8317456,0.82105285
0.8319406,0.8375156,0.8264394
0.8145374,0.8219568,0.8072507
0.80947423,0.80651283,0.8124575
0.81669337,0.820826,0.8126022
0.82276976,0.8271258,0.81845945
0.8005762,0.8093296,0.7920101
0.8222793,0.8246547,0.81991744
0.83052254,0.83326685,0.82779634
0.8190176,0.8363247,0.8024123
0.8229784,0.8352891,0.81102526
0.8018881,0.8101742,0.79376984
0.8134061,0.81121314,0.81561095
0.82915896,0.83693236,0.8215286
0.8217572,0.823306,0.8202142
0.8049213,0.8016188,0.8082512
0.827748,0.8277095,0.82778645
0.7891862,0.79381853,0.7846076
0.8107274,0.8106323,0.81082255
0.81767887,0.8202041,0.8151691
0.8310339,0.83194137,0.8301284
0.8377273,0.8413708,0.83411527
0.78972006,0.79843414,0.7811941
0.82951385,0.83674914,0.8224026
0.83204705,0.8340125,0.83009076
0.81590754,0.82277626,0.8091526
0.83525413,0.8398952,0.83066416
0.8267639,0.82977986,0.8237699
0.83386403,0.8403574,0.8274702
0.8051388,0.8092451,0.801074
0.8133509,0.81838286,0.8083805
0.8307385,0.83606994,0.82547456
0.80477744,0.81242514,0.7972723
0.806074,0.8118436,0.8003859
0.81676847,0.8139208,0.8196362
0.8130604,0.82886153,0.7978505
0.81835026,0.8263342,0.8105191
0.8191897,0.8096896,0.82891536
0.8262156,0.8306005,0.8218768
0.7842599,0.79275745,0.77594244
0.8201839,0.8274776,0.81301755
0.82597035,0.8271897,0.82475466
0.83202624,0.83723,0.82688665
0.8219566,0.82796425,0.8160355
0.828227,0.83345056,0.8230685
0.83042604,0.83673525,0.8242112
0.83039385,0.8297787,0.83101004
0.81445426,0.8200944,0.8088911
0.82743233,0.83435094,0.8206274
0.81898427,0.82575154,0.812327
0.830618,0.83501905,0.82626307
0.82046735,0.8269256,0.81410927
0.81934226,0.8215227,0.81717336
0.8334258,0.8398484,0.8271008
0.8169338,0.81640667,0.81746167
0.79621637,0.8015071,0.790995
0.79197425,0.7943442,0.7896183
0.8218646,0.83286995,0.81114626
0.8356775,0.84024876,0.83115566
0.79198617,0.79036075,0.7936183
0.8017681,0.80408466,0.799465
0.8103866,0.81201833,0.80876124
0.82493633,0.83076644,0.81918746
0.80604,0.81064093,0.80149096
0.8158841,0.8197187,0.81208515
0.81362253,0.8097707,0.8175112
0.8298878,0.8316389,0.828144
0.82204396,0.8300975,0.81414515
0.8316773,0.8383092,0.82514954
0.8073973,0.80650455,0.8082919
0.80313843,0.80333745,0.80293953
0.8352287,0.8474676,0.8233383
0.84092927,0.84407294,0.83780885
0.82569104,0.82698536,0.8244007
0.8239931,0.82613623,0.8218611
0.8087365,0.81880563,0.7989119
0.786109,0.80071384,0.7720273
0.8244705,0.8306473,0.81838495
0.82088107,0.82512856,0.8166771
0.8221511,0.8295511,0.8148821
0.8275037,0.8314347,0.8236096
0.81790096,0.82120407,0.8146243
0.7942037,0.7986369,0.78981936
0.79560196,0.7986183,0.7926084
0.80759656,0.81352454,0.8017544
0.8235305,0.83154637,0.81566775
0.82229173,0.8284755,0.81619966
0.8257418,0.8313208,0.8202372
0.8147482,0.8192464,0.8102991
0.8330258,0.8479184,0.81864744
0.82158643,0.82849294,0.8147942
0.8059847,0.80500823,0.80696344
0.81347287,0.8110573,0.8159029
0.80103457,0.80631196,0.79582584
0.82518846,0.83122396,0.8192399
0.80306274,0.8059239,0.8002219
0.8070375,0.81152654,0.80259776
0.816719,0.8177837,0.8156571
0.8233593,0.8225411,0.82417905
0.8220123,0.82615227,0.8179138
0.8268638,0.8315503,0.82222974
0.81917,0.82569504,0.81274724
0.8098016,0.80465907,0.81501025
0.8246091,0.82783437,0.82140887
0.8246091,0.82783437,0.82140887
0.8339567,0.8388531,0.82911724
0.8063477,0.8106593,0.80208176
0.82497716,0.8284884,0.82149565
0.83166176,0.83368075,0.82965255
0.8133462,0.81272435,0.81396896
0.8140142,0.82777876,0.80069995
0.8345985,0.8413103,0.82799304
0.8201069,0.82596016,0.81433606
0.8126687,0.81725323,0.8081353
0.7904026,0.80548775,0.7758721
0.8144462,0.82320946,0.80586755
0.8295218,0.83646095,0.8226966
0.83277255,0.8375471,0.8280521
0.8419355,0.85179555,0.8323012
0.8256466,0.8291121,0.8222099
0.8165422,0.822047,0.8111106
0.8265859,0.8270927,0.8260796
0.82309383,0.82736087,0.81887054
0.8214316,0.82364595,0.819229
0.81437457,0.82700074,0.802128
0.8419321,0.85271245,0.8314209
0.8184972,0.8323685,0.80508065
0.82731146,0.8355099,0.81927234
0.81720954,0.8174974,0.81692195
0.8139013,0.82417107,0.80388427
0.7970043,0.78615296,0.8081594
0.8242558,0.822444,0.82607555
0.80832785,0.8071159,0.80954343
0.8249452,0.8330074,0.8170375
0.81912684,0.8236199,0.8146826
0.80763406,0.80527914,0.8100028
0.83320564,0.83731097,0.82914037
0.82128364,0.8285339,0.8141593
0.833233,0.83743995,0.829068
0.82370603,0.8243754,0.8230377
0.83094454,0.8302938,0.83159643
0.7990196,0.8057358,0.7924143
0.81675744,0.8247808,0.8088887
0.79660434,0.80133945,0.7919249
0.81090105,0.8145078,0.80732614
0.8193101,0.82193273,0.8167042
0.8262967,0.82691395,0.8256802
0.82255393,0.81787187,0.8272899
0.81984544,0.8252388,0.81452215
0.80164796,0.8017628,0.8015332
0.8197721,0.82249206,0.8170702
0.8277371,0.8323462,0.82317877
0.8167173,0.81621057,0.8172247
0.8084789,0.8130193,0.80398905
0.80887735,0.81547123,0.80238926
0.7950897,0.79584193,0.79433894
0.814934,0.8158556,0.8140144
0.81887126,0.82894856,0.809036
0.82804483,0.8321986,0.82393235
0.8021979,0.8063798,0.79805917
0.819984,0.82155025,0.8184238
0.8235013,0.83007246,0.8170334
0.80327284,0.80737853,0.79920876
0.8089232,0.81765676,0.80037427
0.81593686,0.81562096,0.81625307
0.8202449,0.82055175,0.8199383
0.78342515,0.7942883,0.77285516
0.8281906,0.83602285,0.8205038
0.81618357,0.82566434,0.8069181
0.81566596,0.81756485,0.8137759
0.81821126,0.82388866,0.8126116
0.8198369,0.82316184,0.8165387
0.81836057,0.82170206,0.8150462
0.82037485,0.8261351,0.8146944
0.8283281,0.83258206,0.82411736
0.8179871,0.81750375,0.81847095
0.81975627,0.82218826,0.81733876
0.8133002,0.81165326,0.8149539
0.8041756,0.8067068,0.8016603
0.82804793,0.8301076,0.82599854
0.80917525,0.81219316,0.80617964
0.8166821,0.8174242,0.8159413
0.81003755,0.81354415,0.8065611
0.826392,0.82694656,0.8258382
0.79144764,0.79610807,0.7868414
0.8177748,0.8235446,0.81208515
0.8054903,0.8097135,0.801311
0.81228065,0.8164823,0.8081221
0.8302247,0.83907086,0.8215632
0.82843417,0.8343375,0.8226138
0.8332946,0.8593202,0.80879915
0.8094945,0.8173406,0.80179757
0.85840726,0.9154335,0.8080691
0.8135893,0.81720924,0.81000125
0.8253697,0.8306283,0.8201773
0.80464065,0.8151097,0.79443717
0.8120728,0.8163885,0.80780244
0.81140465,0.80660695,0.8162598
0.81257546,0.8178494,0.80736905
0.8238064,0.8285528,0.819114
0.8137715,0.809735,0.81784844
0.82655466,0.83100325,0.82215333
0.8165638,0.8204582,0.8127062
0.81183726,0.8049014,0.8188937
0.8288981,0.8344585,0.82341135
0.81702125,0.82208014,0.81202424
0.8308921,0.83166325,0.83012235
0.82351196,0.828584,0.81850165
0.8128788,0.8192326,0.80662274
0.8254008,0.829534,0.82130855
0.8283811,0.835601,0.821285
0.7969959,0.8021976,0.7918612
0.840184,0.84760374,0.83289313
0.823931,0.8273485,0.8205416
0.8235166,0.83239657,0.81482416
0.8104922,0.8163244,0.8047428
0.81568253,0.8203405,0.8110771
0.81921065,0.82228076,0.81616336
0.781723,0.80337423,0.7612081
0.8325431,0.8377605,0.82739025
0.82934266,0.83595824,0.822831
0.8425967,0.8534681,0.8319987
0.82570904,0.83816624,0.81361675
0.83347183,0.84153366,0.82556295
0.8230486,0.8329317,0.8133972
0.83375216,0.8412652,0.826372
0.8329245,0.8410505,0.82495403
0.83644843,0.8505205,0.8228344
0.82230145,0.8215412,0.8230632
0.8334744,0.84266794,0.8244792
0.82543,0.8295512,0.8213495
0.79347515,0.8073255,0.7800921
0.8201747,0.8268435,0.81361264
0.8234126,0.8294555,0.8174571
0.8113351,0.8108556,0.81181514
0.82318187,0.8252326,0.82114136
0.8254557,0.8265883,0.82432616
0.8006063,0.8028809,0.7983447
0.82895094,0.8368089,0.8212391
0.8355087,0.8407558,0.8303267
0.81851184,0.8228823,0.8141875
0.82492906,0.8358946,0.8142475
0.8057931,0.8110881,0.8005668
0.8057931,0.8110881,0.8005668
0.8378576,0.8430731,0.83270615
0.8283998,0.8290674,0.8277332
0.8200329,0.8344038,0.80614865
0.82346225,0.82872593,0.81826496
0.843753,0.8514702,0.8361744
0.80624455,0.8132931,0.7993172
0.81688774,0.81785643,0.81592137
0.80878997,0.81449306,0.80316615
0.81559473,0.816417,0.81477416
0.81734383,0.82215476,0.81258893
0.82863796,0.83164895,0.82564867
0.8195558,0.8242116,0.8149524
0.79414046,0.79490614,0.79337627
0.8121314,0.8122556,0.81200737
0.82893866,0.83212197,0.8257797
0.8257551,0.8294368,0.82210606
0.8348922,0.8380363,0.8317716
0.8083301,0.80802625,0.80863416
0.8348147,0.8426323,0.827141
0.81442344,0.8193887,0.80951804
0.82124835,0.8250799,0.8174524
0.82268286,0.8372057,0.8086553
0.8199571,0.82650095,0.8135161
0.8068313,0.81780994,0.79614353
0.80608857,0.8136997,0.7986185
0.8256683,0.8265395,0.8247988
0.80693686,0.81717753,0.79694974
0.8294771,0.8347918,0.8242296
0.83046544,0.8399315,0.82121027
0.80342126,0.80559015,0.80126405
0.81828135,0.82087326,0.8157058
0.80497444,0.81350976,0.79661644
0.8359353,0.861006,0.8122833
0.80547863,0.8049828,0.8059751
0.8316095,0.8412297,0.82220685
0.83222234,0.8347568,0.82970315
0.8067382,0.80681986,0.8066565
0.8123048,0.82266146,0.8022057
0.82431287,0.8321201,0.81665087
0.8263081,0.8345867,0.8181921
0.8244063,0.8312815,0.817644
0.8278684,0.83464545,0.8212006
0.82720727,0.8399813,0.8148159
0.81642765,0.8202818,0.81260943
0.8054316,0.8137648,0.7972674
0.8279073,0.827769,0.82804567
0.8159617,0.83055395,0.8018734
0.8228518,0.82602775,0.8197003
0.8273681,0.8330878,0.8217263
0.82158357,0.82641995,0.81680346
0.8188486,0.82355845,0.8141923
0.7959958,0.79690635,0.79508734
0.8366406,0.8398489,0.8334568
0.82208025,0.82689357,0.81732255
0.80370826,0.80418116,0.80323595
0.79139346,0.80136514,0.781667
0.81874496,0.8249211,0.81266075
0.81591094,0.81433535,0.81749266
0.83146167,0.8333198,0.8296119
0.77848035,0.78274775,0.77425915
0.81318235,0.8195213,0.8069407
0.79364586,0.81493706,0.77343893
0.82396007,0.8292537,0.8187335
0.8028161,0.8075497,0.79813766
0.830458,0.83313257,0.82780063
0.81863725,0.8177458,0.8195306
0.8154143,0.8112668,0.8196044
0.81543666,0.8182044,0.81268746
0.82727057,0.83131087,0.8232694
0.7915308,0.7938105,0.7892641
0.7979601,0.79949385,0.7964322
0.8096747,0.8108146,0.80853784
0.81954324,0.81896687,0.82012045
0.82695806,0.82823896,0.82568115
0.8256999,0.83015525,0.8212922
0.8156453,0.81975883,0.81157273
0.8207438,0.8214382,0.8200504
0.79960775,0.80506516,0.7942238
0.8281868,0.8333819,0.8230561
0.82586384,0.83378005,0.81809646
0.81985885,0.8224953,0.8172392
0.8309051,0.8361609,0.82571495
0.827054,0.8368585,0.81747663
0.81251067,0.8178432,0.80724716
0.8288423,0.8280764,0.8296096
0.80408096,0.809012,0.7992096
0.8239883,0.8266339,0.82135963
0.823003,0.834058,0.81223726
0.8336877,0.8449283,0.8227422
0.8151012,0.8207849,0.8094957
0.8269692,0.8325879,0.8214258
0.8060471,0.80974245,0.80238533
0.8289516,0.832667,0.8252692
0.82246387,0.8325074,0.8126598
0.84264326,0.86166817,0.82444024
0.8268467,0.83839595,0.8156113
0.83238846,0.8362226,0.8285894
0.81191677,0.8219523,0.80212337
0.79985917,0.80424297,0.795523
0.82213134,0.8192048,0.82507896
0.8023195,0.8042933,0.8003554
0.8023195,0.8042933,0.8003554
0.8097818,0.8130224,0.8065669
0.82017785,0.8204786,0.8198773
0.7996266,0.80930716,0.79017484
0.8211022,0.8236915,0.8185291
0.82421124,0.82943165,0.81905615
0.8025703,0.8091321,0.7961141
0.8241529,0.8321473,0.8163105
0.83891284,0.84678435,0.8311863
0.8119892,0.81677216,0.8072619
0.79134893,0.8056565,0.7775407
0.79992235,0.7985753,0.80127394
0.8176654,0.81295913,0.8224265
0.8128393,0.8142489,0.8114346
0.81138206,0.8144884,0.8082993
0.82933336,0.828483,0.8301855
0.8091484,0.81472343,0.80364907
0.82779586,0.8303139,0.82529294
0.82293,0.8301068,0.8158762
0.83881426,0.8436743,0.8340099
0.81334674,0.8139982,0.8126962
0.7962605,0.80518794,0.78752875
0.82095677,0.822601,0.8193191
0.80731523,0.817857,0.79704183
0.82367903,0.8247329,0.82262784
0.8104491,0.81810707,0.8029331
0.8104491,0.81810707,0.8029331
0.81385595,0.81681216,0.8109211
0.83431584,0.8503665,0.81885993
0.83174634,0.836273,0.8272684
0.8280292,0.82917464,0.8268869
0.80659384,0.81169367,0.80155766
0.8275304,0.8301693,0.82490814
0.82352495,0.8312211,0.8159701
0.8235961,0.8412013,0.80671275
0.81489563,0.8249841,0.8050509
0.8077673,0.82719314,0.789233
0.8393656,0.8450258,0.83378077
0.81339616,0.81141007,0.815392
0.82477504,0.82635784,0.8231983
0.8208332,0.8218759,0.81979334
0.81818193,0.8188581,0.81750685
0.8270044,0.83200866,0.82206
0.8284391,0.8341394,0.82281613
0.824836,0.82380813,0.8258665
0.7965219,0.79810697,0.7949431
0.82160836,0.831723,0.81173676
0.81494987,0.8260927,0.8041038
0.82720435,0.8273212,0.8270875
0.8213439,0.831416,0.81151295
0.82051504,0.8231665,0.8178807
0.81058276,0.8072116,0.8139821
0.8215681,0.82585466,0.8173259
0.7996746,0.80215394,0.79721045
0.8135504,0.81949246,0.80769396
0.8039958,0.830286,0.77931935
0.8211353,0.8284382,0.8139601
0.8337911,0.84357923,0.8242276
0.8144664,0.8233034,0.805817
0.8078728,0.8085843,0.80716264
0.8347191,0.83820707,0.83125997
0.7945363,0.7971012,0.7919878
0.811394,0.8141189,0.8086873
0.8304383,0.83578146,0.8251632
0.81758255,0.8228027,0.81242824
0.8035116,0.8054573,0.8015753
0.80639535,0.80860376,0.8041991
0.8215645,0.8220363,0.82109326
0.8112341,0.8098217,0.8126514
0.81135684,0.8148649,0.8078789
0.8193255,0.83193046,0.8070967
0.8091751,0.8102743,0.80807877
0.8167365,0.8223549,0.8111944
0.8108063,0.8171878,0.8045236
0.824281,0.8328048,0.81592983
0.8114857,0.8098503,0.8131279
0.8200661,0.8239729,0.81619614
0.81229085,0.8172935,0.8073491
0.81590474,0.8184289,0.81339616
0.81028086,0.8316663,0.7899677
0.82257503,0.8306637,0.8146424
0.81554085,0.8179065,0.81318873
0.8309906,0.8340838,0.8279204
0.8153841,0.82461476,0.80635774
0.8272695,0.8312265,0.82335
0.78753364,0.79724467,0.7780563
0.82289267,0.82931834,0.8165658
0.81546825,0.8157097,0.8152269
0.824374,0.8227283,0.82602644
0.83021545,0.8331142,0.82733685
0.8158175,0.82004637,0.811632
0.8270786,0.82893455,0.8252309
0.8081554,0.80794215,0.80836886
0.81932044,0.82113755,0.81751144
0.8222604,0.8265927,0.81797326
0.8144822,0.81934416,0.80967754
0.8024833,0.79745805,0.8075724
0.82076,0.82659805,0.8150038
0.8270027,0.83019894,0.82383096
0.7973975,0.8066054,0.7883975
0.838928,0.8505235,0.82764447
0.8333495,0.839479,0.827309
0.8029675,0.8159181,0.7904214
0.8314074,0.8324379,0.8303795
0.8315639,0.84213924,0.82125086
0.8283737,0.83224887,0.82453436
0.82602596,0.82824004,0.82382375
0.8244199,0.82610947,0.8227373
0.8258188,0.83162403,0.820094
0.828952,0.8320731,0.82585424
0.82252604,0.82993495,0.8152483
0.8159236,0.84296936,0.7905592
0.820763,0.8166667,0.8249007
0.7953306,0.811558,0.77973956
0.7832703,0.79330224,0.7734889
0.81992286,0.82450974,0.8153868
0.8006528,0.80940175,0.792091
0.8275348,0.8312365,0.8238659
0.8326569,0.8326239,0.8326899
0.8216967,0.83122087,0.81238824
0.814191,0.8139628,0.8144193
0.81233174,0.8195256,0.80526304
0.79824877,0.8010544,0.79546285
0.82975125,0.8347378,0.8248239
0.80873775,0.8137119,0.8038241
0.814278,0.8201776,0.80846274
0.79891956,0.80300736,0.79487324
0.81599593,0.8194506,0.81257015
0.79530776,0.80476564,0.7860696
0.82303125,0.8311777,0.8150429
0.77995366,0.7857247,0.77426684
0.8168955,0.81716657,0.81662446
0.82010657,0.82039976,0.8198135
0.8254958,0.83238256,0.81872195
0.8231898,0.8306243,0.8158871
0.8288953,0.83572304,0.82217824
0.8209369,0.8173373,0.8245685
0.80398875,0.81232405,0.79582274
0.8171766,0.8257115,0.80881625
0.80218536,0.80269325,0.8016782
0.795239,0.79923284,0.79128474
0.8055759,0.81362313,0.7976863
0.83575904,0.8594489,0.81334007
0.8366652,0.8457057,0.8278159
0.8235243,0.82699645,0.8200811
0.8208539,0.8317026,0.8102847
0.8161291,0.8239797,0.80842674
0.8096188,0.81842697,0.8009982
0.8215245,0.82028943,0.8227632
0.81470674,0.8167769,0.8126471
0.81779945,0.81943506,0.81617045
0.81843966,0.8253244,0.81166893
0.795834,0.8048514,0.78701645
0.8044075,0.8091142,0.7997553
0.8202906,0.8203673,0.8202139
0.82006544,0.8260738,0.8141438
0.8092817,0.80712974,0.8114453
0.8287728,0.8341906,0.82342494
0.80437887,0.8015055,0.8072729
0.81829816,0.825828,0.8109044
0.82340664,0.8287717,0.8181106
0.8267444,0.82905924,0.8244423
0.8097798,0.80168945,0.8180351
0.8199038,0.8272465,0.81269026
0.8159379,0.8133118,0.818581
0.8231181,0.8266434,0.8196228
0.829528,0.83377296,0.8253261
0.7935994,0.7957289,0.7914814
0.8142977,0.8144014,0.81419414
0.80803585,0.8158728,0.8003481
0.8130423,0.82616156,0.80033326
0.8026757,0.80990237,0.7955769
0.80630755,0.80743253,0.80518574
0.8240965,0.82828903,0.8199463
0.8230802,0.8251563,0.8210146
0.8304323,0.83732074,0.8236562
0.8062612,0.8113595,0.8012265
0.8281531,0.8268255,0.82948494
0.810598,0.81767577,0.80364174
0.826349,0.8298684,0.8228593
0.81077194,0.81798387,0.80368596
0.8106316,0.81479883,0.8065068
0.8160653,0.81399184,0.81814945
0.8300951,0.8377054,0.8226219
0.82245106,0.8184036,0.8265388
0.8332922,0.83433545,0.8322516
0.8111061,0.8140384,0.80819476
0.8155828,0.8241594,0.8071829
0.83755326,0.8442133,0.8309975
0.79579586,0.7986778,0.7929347
0.817033,0.8150555,0.81902015
0.82611454,0.83067286,0.821606
0.8328296,0.85009384,0.81625265
0.8094253,0.81510717,0.80382204
0.82332975,0.8313078,0.8155033
0.8182001,0.8270598,0.8095281
0.81227446,0.82232326,0.80246824
0.8166762,0.8284371,0.8052446
0.80608237,0.8105674,0.8016467
0.81459033,0.82051,0.8087554
0.82911026,0.83314973,0.8251097
0.80499643,0.8035868,0.80641115
0.8104798,0.8168855,0.8041738
0.81446904,0.81991726,0.8090928
0.8247813,0.8254025,0.8241609
0.82678235,0.8294322,0.8241493
0.8178394,0.82042813,0.81526697
0.8078497,0.8170105,0.79889196
0.81143826,0.8217889,0.80134505
0.8059999,0.8061372,0.80586255
0.7982335,0.800249,0.79622823
0.81837404,0.8175533,0.81919646
0.8119147,0.8206921,0.803323
0.80308723,0.8059468,0.8002478
0.81963223,0.82452685,0.81479526
0.8318186,0.84221584,0.8216748
0.82020473,0.8254452,0.81503034
0.8370702,0.858234,0.81692505
0.82339305,0.83177173,0.81518143
0.8198153,0.815936,0.82373154
0.803847,0.8119117,0.795941
0.8202601,0.82298917,0.8175491
0.80708516,0.8173369,0.7970875
0.81547016,0.8146357,0.8163063
0.81253815,0.8081537,0.81697035
0.8277975,0.8284285,0.82716745
0.80487025,0.7972345,0.81265366
0.81055486,0.81346714,0.8076633
0.81549007,0.82271117,0.80839455
0.7991193,0.81690896,0.7820878
0.80280614,0.81116414,0.7946186
0.80757743,0.819572,0.79592896
0.8159179,0.8191847,0.81267715
0.83258456,0.83663017,0.82857794
0.790387,0.79833937,0.7825915
0.8265664,0.83177483,0.8214228
0.8002822,0.80242354,0.7981523
0.82086766,0.8281487,0.81371355
0.8012714,0.79991776,0.80262953
0.8278264,0.82690954,0.82874525
0.8121293,0.8113732,0.81288683
0.82778126,0.8332623,0.82237184
0.82315546,0.8247951,0.8215222
0.8075987,0.8199413,0.7956223
0.81801045,0.8241788,0.81193376
0.820586,0.81967366,0.82150024
0.82798934,0.83323747,0.82280684
0.8143301,0.8140789,0.8145815
0.7991864,0.8001135,0.79826146
0.81683666,0.8135906,0.8201087
0.8235708,0.82916945,0.8180472
0.8190158,0.8244051,0.8136965
0.80575186,0.81050944,0.8010498
0.81151146,0.8105043,0.8125211
0.82332146,0.824508,0.8221384
0.82375675,0.82368904,0.8238245
0.80489653,0.79903543,0.8108441
0.82108283,0.82558763,0.8166271
0.8213767,0.83637214,0.80690944
0.80959064,0.8163328,0.8029588
0.812642,0.8072919,0.8180634
0.8318387,0.83284736,0.83083266
0.7980098,0.8003277,0.7957053
0.8130912,0.81770825,0.80852604
0.8261563,0.83178973,0.8205988
0.8296881,0.8323968,0.8269969
0.81744087,0.8198921,0.81500417
0.8192609,0.82034606,0.8181786
0.821403,0.82518166,0.8176589
0.82020044,0.8263886,0.8141042
0.8353665,0.85311973,0.8183371
0.81356233,0.82171154,0.8055731
0.8168665,0.82368606,0.8101589
0.80591124,0.8083985,0.80343926
0.7887187,0.797154,0.78046006
0.82085043,0.827862,0.81395656
0.8277687,0.8329874,0.82261485
0.82632536,0.8303418,0.82234746
0.8082938,0.8181112,0.79870933
0.81390435,0.8126025,0.8152102
0.8313589,0.8383554,0.82447827
0.82278174,0.8294109,0.8162577
0.81749296,0.82261854,0.8124308
0.83688706,0.84508634,0.82884544
0.8038569,0.806022,0.8017035
0.81045693,0.81830335,0.8027595
0.8111314,0.8296315,0.7934384
0.84257704,0.851541,0.8337997
0.81554085,0.8219626,0.8092187
0.7951555,0.80036694,0.7900115
0.8244867,0.83425933,0.8149404
0.7889588,0.7947347,0.7832662
0.8264248,0.8339891,0.8189963
0.8282349,0.83544844,0.8211448
0.79564244,0.8058814,0.7856604
0.8040661,0.81023335,0.79799205
0.76999664,0.78323466,0.7571986
0.82041854,0.8218683,0.8189738
0.8152243,0.81559116,0.81485766
0.82935125,0.8339152,0.8248369
0.81604743,0.82168293,0.8104887
0.82202834,0.8270163,0.81710017
0.82546157,0.8332968,0.8177724
0.82109255,0.82331693,0.8188802
0.8087643,0.8120647,0.8054905
0.82142925,0.82198,0.8208793
0.80239666,0.80839896,0.7964828
0.83172023,0.82947373,0.8339789
0.8061314,0.80762833,0.80464005
0.81702983,0.81846964,0.81559503
0.82086635,0.8189566,0.8227851
0.80861044,0.80697596,0.8102516
0.8003126,0.8071344,0.7936051
0.8027055,0.804665,0.80075544
0.8185697,0.8210668,0.81608784
0.82368517,0.82580703,0.8215741
0.8264762,0.8299705,0.8230113
0.82511324,0.8326742,0.81768835
0.82068557,0.82035166,0.82101965
0.80595833,0.8079312,0.803995
0.7996376,0.80557626,0.7937859
0.8134931,0.8280029,0.79948306
0.8345723,0.838905,0.83028424
0.8210607,0.8280055,0.8142315
0.8327325,0.83245206,0.8330132
0.81909615,0.82472384,0.8135447
0.82513565,0.8293376,0.82097614
0.8187374,0.8242276,0.8133199
0.8255598,0.8331641,0.818093
0.79837656,0.80162907,0.7951503
0.8144251,0.81901115,0.8098901
0.8082837,0.81416136,0.80249035
0.8119965,0.82821965,0.79639685
0.8060228,0.8081925,0.8038648
0.817658,0.8216369,0.81371754
0.82261986,0.83139396,0.8140291
0.85866755,0.8885697,0.83071244
0.8333889,0.8393231,0.82753813
0.8325128,0.8374406,0.8276426
0.8285847,0.83364743,0.823583
0.8285275,0.83300287,0.8241
0.82971096,0.8474452,0.81270367
0.79478234,0.79446256,0.79510236
0.79968554,0.8010096,0.7983659
0.81929904,0.8272494,0.8115001
0.82718366,0.8342289,0.8202565
0.82553935,0.8366368,0.81473243
0.80608714,0.8181796,0.7943469
0.8406616,0.85757565,0.82440186
0.84710306,0.87699187,0.8191843
0.8339849,0.84322876,0.8249415
0.84021735,0.8475956,0.83296645
0.81996465,0.8258344,0.8141777
0.8144273,0.81912047,0.80978763
0.8191263,0.81871897,0.819534
0.83231544,0.83594906,0.8287133
0.8237306,0.84787554,0.8009227
0.83019197,0.83726186,0.8232405
0.8225139,0.8272023,0.8178783
0.815187,0.8185391,0.8118622
0.82882726,0.83045137,0.8272095
0.8180053,0.8295648,0.80676347
0.81513655,0.8246196,0.8058691
0.8091473,0.81697524,0.80146796
0.8040547,0.80678535,0.8013425
0.82200724,0.8248489,0.8191852
0.83263296,0.83252233,0.8327435
0.8335505,0.8390388,0.8281336
0.8013587,0.8042161,0.7985214
0.8187439,0.8239578,0.81359553
0.81965756,0.8221732,0.81715727
0.7989864,0.80314636,0.7948692
0.81142133,0.8155478,0.80733645
0.79183733,0.7997635,0.7840668
0.8226494,0.8283132,0.81706274
0.81397045,0.8208121,0.807242
0.8219462,0.826596,0.8173484
0.8368307,0.8399037,0.83378
0.8278275,0.84295183,0.81323636
0.8248402,0.83207536,0.8177297
0.8103457,0.8115172,0.80917764
0.8174614,0.8279435,0.80724144
0.80564505,0.80425614,0.8070387
0.82799476,0.8384706,0.81777745
0.8167148,0.84984213,0.7860732
0.8238264,0.83068204,0.817083
0.8251919,0.8352494,0.8153738
0.8328115,0.8521,0.81437683
0.818855,0.82991487,0.80808604
0.8290654,0.83958304,0.81880796
0.8085326,0.81603754,0.8011644
0.81960666,0.82155263,0.81766987
0.82121,0.82134175,0.8210785
0.83012253,0.83225155,0.82800436
0.7880339,0.7914747,0.7846228
0.829153,0.84116703,0.8174773
0.8350507,0.8408753,0.8293062
0.8251419,0.8292334,0.82109064
0.8289048,0.849965,0.80886304
0.83957213,0.85439324,0.8252564
0.8335299,0.85038865,0.81732655
0.80880487,0.8170616,0.80071336
0.80806684,0.8043389,0.81182945
0.828339,0.8315309,0.8251714
0.8121212,0.8190958,0.8052644
0.8226015,0.82966274,0.8156595
0.8434555,0.84450036,0.84241325
0.80153847,0.8051107,0.7979979
0.809081,0.8135276,0.80468285
0.822156,0.82242364,0.82188857
0.83256763,0.84140986,0.8239093
0.82583153,0.83920634,0.8128765
0.837248,0.8446197,0.83000386
0.82639325,0.8289902,0.8238125
0.83082736,0.83274025,0.8289232
